anzahl;vorname;geschlecht
48;Sophie;w
46;Marie;w
29;Mia;w
24;Elias;m
22;Charlotte;w
21;Ben;m
20;Alexander;m
19;Paul;m
19;Lina;w
18;Jonas;m
18;Amelie;w
18;Emma;w
18;Sophia;w
17;Leon;m
16;Maximilian;m
15;Mats;m
15;Johanna;w
14;Felix;m
14;Luis;m
14;Emilia;w
14;Lea;w
14;Lena;w
14;Mila;w
13;Noah;m
12;Luca;m
12;Maria;w
11;Jan;m
11;Niklas;m
11;Anna;w
10;Moritz;m
9;Henri;m
9;Emily;w
9;Milan;m
9;Laura;w
9;Simon;m
9;Luisa;w
9;Tim;m
9;Mira;w
9;Tom;m
9;Sofia;w
8;Amin;m
8;Hanna;w
8;David;m
8;Emilio;m
8;Erik;m
8;Louis;m
8;Max;m
7;Frieda;w
7;Greta;w
7;Jana;w
7;Julia;w
7;Paula;w
7;Emil;m
7;Sofie;w
7;Finn;m
7;Zeynep;w
7;Fynn;m
7;Henry;m
7;Julian;m
7;Lennox;m
7;Liam;m
7;Lukas;m
7;Nico;m
7;Till;m
6;Clara;w
6;Katharina;w
6;Leonie;w
6;Lisa;w
6;Lotta;w
6;Paulina;w
6;Pia;w
6;Adrian;m
6;Benjamin;m
6;Can;m
6;Daniel;m
6;Jayden;m
6;Johannes;m
6;Jonah;m
6;Marlon;m
6;Michael;m
6;Mohamed;m
6;Philipp;m
6;Samuel;m
5;Amy;w
5;Antonia;w
5;Carlotta;w
5;Elif;w
5;Fiona;w
5;Isabella;w
5;Jasmin;w
5;Joleen;w
5;Lara;w
5;Leni;w
5;Lia;w
5;Linda;w
5;Louisa;w
5;Ali;m
5;Mathilda;w
5;Ensar;m
5;Melina;w
5;Fabian;m
5;Pauline;w
5;Henrik;m
5;Sara;w
5;Julius;m
5;Viktoria;w
5;Leo;m
5;Zehra;w
5;Levin;m
5;Lian;m
5;Marcel;m
5;Mehmet;m
5;Mika;m
5;Noel;m
5;Timo;m
5;Ömer;m
4;Amalia;w
4;Asya;w
4;Ela;w
4;Elisabeth;w
4;Eslem;w
4;Hannah;w
4;Helene;w
4;Hermine;w
4;Benedikt;m
4;Ina;w
4;Christian;m
4;Isabelle;w
4;Colin;m
4;Leyla;w
4;Elyesa;m
4;Lilia;w
4;Jasper;m
4;Liya;w
4;Kenan;m
4;Luise;w
4;Lasse;m
4;Mara;w
4;Lucas;m
4;Matilda;w
4;Luke;m
4;Mina;w
4;Maxim;m
4;Nele;w
4;Mert;m
4;Romy;w
4;Mike;m
4;Sarah;w
4;Oliver;m
4;Stella;w
4;Rayan;m
4;Zoe;w
4;Theo;m
3;Alexandra;w
3;Aaron;m
3;Alina;w
3;Abdullah;m
3;Aliyah;w
3;Antonio;m
3;Almila;w
3;Aras;m
3;Amina;w
3;Berat;m
3;Angelina;w
3;Bilal;m
3;Dalia;w
3;Bruno;m
3;Dilara;w
3;Carl;m
3;Elaine;w
3;Christoph;m
3;Elsa;w
3;Dean;m
3;Fabienne;w
3;Efe;m
3;Frida;w
3;Emir;m
3;Helena;w
3;Enes;m
3;Hira;w
3;Eren;m
3;Ida;w
3;Eric;m
3;Klara;w
3;Frederik;m
3;Lilly;w
3;Gabriel;m
3;Lilyan;w
3;Hamza;m
3;Luana;w
3;Johann;m
3;Lucia;w
3;John;m
3;Lucy;w
3;Joshua;m
3;Maja;w
3;Leander;m
3;Merle;w
3;Leandro;m
3;Rosa;w
3;Leonard;m
3;Rosalie;w
3;Linus;m
3;Samira;w
3;Lio;m
3;Selin;w
3;Luc;m
3;Tamara;w
3;Mailo;m
3;Valentina;w
3;Markus;m
3;Valeria;w
3;Matteo;m
3;Victoria;w
3;Nils;m
3;Ole;m
3;Oskar;m
3;Phil;m
3;Rafael;m
3;Robin;m
3;Said;m
3;Salih;m
3;Selim;m
3;Thilo;m
3;Tobias;m
3;Valentin;m
3;Wilhelm;m
2;Ada;w
2;Alexa;w
2;Amira;w
2;Amélie;w
2;Annalena;w
2;Annika;w
2;Arya;w
2;Aylin;w
2;Azra;w
2;Cataleya;w
2;Cecilia;w
2;Celina;w
2;Charlize;w
2;Abdurrahman;m
2;Christina;w
2;Adian;m
2;Dania;w
2;Akın;m
2;Defne;w
2;Alex;m
2;Deren;w
2;Alexandru;m
2;Eda;w
2;Alexej;m
2;Editha;w
2;Alexis;m
2;Elisa;w
2;Anton;m
2;Elise;w
2;Arian;m
2;Emelie;w
2;Arthur;m
2;Emilia-Sophie;w
2;Artur;m
2;Emilie;w
2;Bennet;m
2;Esther;w
2;Damian;m
2;Evelyn;w
2;Dylan;m
2;Evelyne;w
2;Elija;m
2;Fatma;w
2;Emilian;m
2;Felicitas;w
2;Emiliano;m
2;Havin;w
2;Emmanuel;m
2;Hayrunnisa;w
2;Franz;m
2;Isabell;w
2;Friedrich;m
2;Jane;w
2;Georg;m
2;Jette;w
2;Heiko;m
2;Jolie;w
2;Hendrik;m
2;Jolien;w
2;Hussein;m
2;Josefin;w
2;Hüseyin;m
2;Josephine;w
2;Ibrahim;m
2;Joyce;w
2;Issa;m
2;Jule;w
2;Jacob;m
2;Juna;w
2;Jakob;m
2;Jutta;w
2;Jamie;m
2;Kim;w
2;Jannik;m
2;Leandra;w
2;Joel;m
2;Leticia;w
2;Johan;m
2;Leyna;w
2;Jona;m
2;Liv;w
2;Josef;m
2;Liyana;w
2;Justus;m
2;Loreen;w
2;Kadir;m
2;Lou;w
2;Karl;m
2;Luna;w
2;Kilian;m
2;Madeleine;w
2;Klaus;m
2;Magdalena;w
2;Laurent;m
2;Maila;w
2;Lenn;m
2;Malina;w
2;Lennard;m
2;Marcella;w
2;Lennart;m
2;Mariella;w
2;Lenny;m
2;Marleen;w
2;Leopold;m
2;Marlen;w
2;Levi;m
2;Marlena;w
2;Luan;m
2;Marlene;w
2;Malik;m
2;Maya;w
2;Malte;m
2;Medina;w
2;Marc;m
2;Medine;w
2;Mark;m
2;Melek;w
2;Martin;m
2;Melisa;w
2;Mateo;m
2;Melissa;w
2;Mathis;m
2;Milana;w
2;Matti;m
2;Milla;w
2;Maurice;m
2;Naomi;w
2;Michel;m
2;Nela;w
2;Miguel;m
2;Nimet;w
2;Mikail;m
2;Nina;w
2;Milo;m
2;Nora;w
2;Miran;m
2;Olivia;w
2;Muhammad;m
2;Ruth;w
2;Muhammed;m
2;Saida;w
2;Mustafa;m
2;Sina;w
2;Neo;m
2;Su;w
2;Nick;m
2;Thanh;w
2;Niko;m
2;Theresa;w
2;Noe;m
2;Tilda;w
2;Omar;m
2;Violetta;w
2;Oscar;m
2;Zahraa;w
2;Pascal;m
2;Zara;w
2;Phillip;m
2;Zilan;w
2;Piet;m
2;Recep;m
2;René;m
2;Richard;m
2;Rodi;m
2;Roman;m
2;Sebastian;m
2;Semih;m
2;Sultan;m
2;Sven;m
2;Thomas;m
2;Til;m
2;Tilo;m
2;Tristan;m
2;Tyler;m
2;Vito;m
2;Wolfgang;m
2;Yannik;m
2;Yiğit;m
2;Yusuf;m
1;;w
1;Abby;w
1;Abigail;w
1;Acelya;w
1;Achsutha;w
1;Adriana;w
1;Agelina;w
1;Ajlina;w
1;Ajlisha;w
1;Alani;w
1;Alea;w
1;Aleah;w
1;Alejna;w
1;Alessia;w
1;Aleyna;w
1;Alia;w
1;Aliana;w
1;Alice;w
1;Alida;w
1;Alma;w
1;Abdul;m
1;Aloisia;w
1;Abel;m
1;Alvina;w
1;Abeto;m
1;Alyssa;w
1;Above;m
1;Amar;w
1;Adalbert;m
1;Amaya;w
1;Adam;m
1;Amber;w
1;Adar;m
1;Ameli;w
1;Adin;m
1;Amelia;w
1;Adnan;m
1;Amilia;w
1;Adriano;m
1;Amra;w
1;Ahmed;m
1;Ana;w
1;Ahmet;m
1;Anamaria;w
1;al;m
1;Anastasia;w
1;Al-Mahdi;m
1;Anesa;w
1;Ala;m
1;Angelika;w
1;Albert;m
1;Anica;w
1;Albi;m
1;Anida;w
1;Aldino;m
1;Anita;w
1;Alen;m
1;Anna-Lena;w
1;Alerio;m
1;Anna-Maria;w
1;Alessandro;m
1;Anne;w
1;Alessio;m
1;Anne-Cordelia;w
1;Alexandro;m
1;Anneliese;w
1;Alexandros;m
1;Annemarie;w
1;Alican;m
1;Anni;w
1;Almin;m
1;Anouk;w
1;Alpha;m
1;Ari;w
1;Amar;m
1;Aria;w
1;Amar-Milad;m
1;Ariam;w
1;Amaro;m
1;Ariana;w
1;Amir;m
1;Arin;w
1;Ammar;m
1;Arina;w
1;Amon;m
1;Aurela;w
1;Andre;m
1;Aurora;w
1;Andreas;m
1;Aurélie;w
1;Andrzej;m
1;Ava;w
1;Andrés;m
1;Ayewa;w
1;Angelo;m
1;Ayla;w
1;Aniz;m
1;Ayse;w
1;Ansgar;m
1;Ayşegül;w
1;Antonius;m
1;Aziza;w
1;Anuar;m
1;Beeke;w
1;Arda;m
1;Besan;w
1;Aremis;m
1;Betül;w
1;Ares;m
1;Brigitte;w
1;Ari;m
1;Buğlem;w
1;Arijan;m
1;Büsra;w
1;Ariyan;m
1;Büşra;w
1;Armend;m
1;Camille;w
1;Arndt;m
1;Canan;w
1;Aron;m
1;Carla;w
1;Artëm;m
1;Catelyn;w
1;Arvid;m
1;Celine;w
1;Aryan;m
1;Ceyda-Ilayda;w
1;Asaf;m
1;Cezara;w
1;Ayomikun;m
1;Charly;w
1;Bayram;m
1;Chimezirim;w
1;Begüm;m
1;Chisom;w
1;Ben-Luca;m
1;Chleo;w
1;Ben-Noah;m
1;Chloé;w
1;Beniamino;m
1;Christa;w
1;Berni;m
1;Christin;w
1;Berthold;m
1;Chrystel;w
1;Bilâl;m
1;Chukwudumebi;w
1;Björn;m
1;Ciara;w
1;Bleron;m
1;Cécile;w
1;Brooklyn;m
1;Delia-Louise;w
1;Bryan;m
1;Delia-Marie;w
1;Burak;m
1;Denise;w
1;Burak-Miran;m
1;Derin;w
1;Carl-Eduard;m
1;Destina;w
1;Carlos;m
1;Dete;w
1;Caspar;m
1;Diana;w
1;Ceren;m
1;Diara;w
1;Charlie;m
1;Dina;w
1;Chiagoziem;m
1;Djamilie;w
1;Chigozirim;m
1;Djemila;w
1;Chris;m
1;Doreen;w
1;Christoffer;m
1;Dorina;w
1;Christopher;m
1;Dunya;w
1;Cihan;m
1;Ece;w
1;Cihangir;m
1;Ecrin;w
1;Claude;m
1;Eflin;w
1;Claudiu;m
1;Elea;w
1;Clemens;m
1;Eleonor;w
1;Collin;m
1;Elfida;w
1;Conner;m
1;Elfriede;w
1;Connor;m
1;Eliana;w
1;Constantin;m
1;Elif-Lina;w
1;Cornelius;m
1;Elina;w
1;Danijel;m
1;Elisanur;w
1;Dante;m
1;Eliz;w
1;Darian;m
1;Eljana;w
1;Darijan;m
1;Ella;w
1;Dario;m
1;Ellen;w
1;Darwin;m
1;Elli;w
1;David-Enrico;m
1;Elly;w
1;Davinder;m
1;Elvin;w
1;Davud;m
1;Elâ;w
1;Dawid;m
1;Emel;w
1;Deniss;m
1;Emely-Amber;w
1;Dennis;m
1;Emina;w
1;Devid;m
1;Emine;w
1;Devin;m
1;Emma-Sophie;w
1;Devran;m
1;Emy;w
1;Devrim;m
1;Enza;w
1;Diego;m
1;Erina;w
1;Dijar;m
1;Esmeray;w
1;Dilcan;m
1;Estere;w
1;Din;m
1;Eva;w
1;Dincay;m
1;Ezra;w
1;Diya;m
1;Fade;w
1;Dominic;m
1;Faina;w
1;Dyke;m
1;Fatıma;w
1;Eddy;m
1;Fatoş;w
1;Edgar;m
1;Fatumata;w
1;Ediz;m
1;Fee;w
1;Edward-Alexandru;m
1;Fei;w
1;Efe-Emir;m
1;Fejza;w
1;Efnan;m
1;Felice;w
1;el;m
1;Felicia;w
1;Eli;m
1;Ferhangül;w
1;Elia;m
1;Feriha;w
1;Eliah;m
1;Feyza;w
1;Elian;m
1;Fidan;w
1;Elias-Hussein;m
1;Finja;w
1;Elijon;m
1;Florentina;w
1;Elis;m
1;Franka;w
1;Elisej;m
1;Franziska;w
1;Eliyas;m
1;Frederike;w
1;Elliot;m
1;Friederike;w
1;Elmin;m
1;Gabriella;w
1;Emanuel;m
1;Gaheen;w
1;Emir-Yasin;m
1;Giamelia;w
1;Emirhan;m
1;Gioia;w
1;Ender;m
1;Giulia;w
1;Enerjo;m
1;Giuliana;w
1;Enes-Bahadır;m
1;Grace;w
1;Enis;m
1;Grādina;w
1;Ensar-Ali;m
1;Guhar;w
1;Enton;m
1;Gülderen;w
1;Eray;m
1;Gülsüm;w
1;Eryk;m
1;Günes;w
1;Ethan;m
1;Habibe;w
1;Eymen;m
1;Hafize;w
1;Eyub;m
1;Haley;w
1;Eyüp;m
1;Halide;w
1;Fabio;m
1;Hana;w
1;Faeq-Abdur;m
1;Hanna-Jolie;w
1;Falk;m
1;Hannah-Christin;w
1;Fayad;m
1;Hatice;w
1;Fayez;m
1;Hatin;w
1;Ferah;m
1;Havva;w
1;Ferman;m
1;Haylie;w
1;Ferris;m
1;Hazal;w
1;Filip;m
1;Helen;w
1;Fin;m
1;Helind;w
1;Finn-Christian;m
1;Henrieke;w
1;Finn-Leon;m
1;Henriette;w
1;Francesco;m
1;Henrike;w
1;Francisco;m
1;Herdana;w
1;Frederick;m
1;Hivi;w
1;Garrit;m
1;Holly;w
1;Gilbert;m
1;Hulan;w
1;Giuliano;m
1;Hêvîn;w
1;Giuseppe;m
1;Iga;w
1;Glen;m
1;Ilaf;w
1;Gregor;m
1;Ilayda;w
1;Guliano;m
1;Ilea;w
1;Güney;m
1;Ilenia;w
1;Hadi;m
1;Ilka;w
1;Hannes;m
1;Imani;w
1;Hans;m
1;Ingeburg;w
1;Harrison;m
1;Intisam;w
1;Hasan;m
1;Irena;w
1;Heinz;m
1;Irmak;w
1;Helge;m
1;Isabel;w
1;Heribert;m
1;Issra;w
1;Holger;m
1;Jamilia;w
1;Housein;m
1;Jara;w
1;Hubert;m
1;Jasmina;w
1;Hugo;m
1;Jay;w
1;Ian;m
1;Jeannine;w
1;İbrahim;m
1;Jenea;w
1;Ifechukwu;m
1;Joanna;w
1;Ilario;m
1;Joel;w
1;Ilay;m
1;Jolee;w
1;Ilias;m
1;Jolene;w
1;Ilija;m
1;Jolina;w
1;Ilja;m
1;Jona;w
1;Isak;m
1;Jonah;w
1;Ishak;m
1;Josefine;w
1;Islam;m
1;Josefine-Emilia;w
1;Ismail;m
1;Juliana;w
1;Ismet;m
1;Kabamba;w
1;Jaan;m
1;Kala;w
1;Jacques;m
1;Kanan;w
1;Jaden;m
1;Kara;w
1;Jair;m
1;Kate;w
1;Jake;m
1;Kathy;w
1;Jamal;m
1;Katrina;w
1;Jan-Sören;m
1;Kaussar;w
1;Janik;m
1;Kaylin;w
1;Janis;m
1;Kiara;w
1;Jannes;m
1;Kinga;w
1;Jannick;m
1;Kira;w
1;Jarne;m
1;Kirilova;w
1;Jarno;m
1;Kiều;w
1;Jarosław;m
1;Kristin;w
1;Jascha;m
1;Kristina;w
1;Jason;m
1;Lagertha;w
1;Javuz;m
1;Lamis;w
1;Jaylen-Elyas;m
1;Lara-Sophie;w
1;Jemail;m
1;Larina;w
1;Jeroen;m
1;Laura-Marie;w
1;Jibikilayi;m
1;Lenya;w
1;Joan;m
1;Leona-Paula;w
1;Joe;m
1;Leonor;w
1;Johnny;m
1;Letizia;w
1;Jon;m
1;Lia-Emilia;w
1;Jonathan;m
1;Liah;w
1;Jonne;m
1;Liah-Soleil;w
1;Joscha;m
1;Liana;w
1;Joseph;m
1;Liepa;w
1;Juan-Ramon;m
1;Lil;w
1;Juliano;m
1;Liliana;w
1;Juliano-Finnley;m
1;Lilli;w
1;Junis;m
1;Lillien;w
1;Jürgen;m
1;Lilya;w
1;Kadirhan;m
1;Lina-Sophia;w
1;Karim;m
1;Linea;w
1;Karlsson;m
1;Liz;w
1;Karsten;m
1;Llia;w
1;Kavinan;m
1;Lore;w
1;Kaya;m
1;Lorin;w
1;Kayı;m
1;Lu;w
1;Keith;m
1;Luca;w
1;Kendrick;m
1;Ludmila;w
1;Kene;m
1;Luena;w
1;Kerrick;m
1;Luka;w
1;Kirill;m
1;Lumen;w
1;Kiron;m
1;Luzia;w
1;Kivanç;m
1;Lydia;w
1;Klaas;m
1;Maddie;w
1;Kodja;m
1;Madlen;w
1;Komla;m
1;Mahlia;w
1;Konrad;m
1;Mai;w
1;Konstantin;m
1;Maia;w
1;Kristof;m
1;Maike;w
1;Kujtim;m
1;Malea;w
1;Lars;m
1;Maleen;w
1;Laurin;m
1;Manal;w
1;Lazar;m
1;Mareike;w
1;Lean;m
1;Margareta;w
1;Leonardo;m
1;Margarete;w
1;Leonik;m
1;Margot;w
1;Levent;m
1;Maria-Adriana;w
1;Lewis;m
1;Maribel;w
1;Lian-Sade;m
1;Marie-Louise;w
1;Lias;m
1;Marieke;w
1;Linnard;m
1;Marisa;w
1;Lion;m
1;Marita;w
1;Lionel;m
1;Marla;w
1;Liva;m
1;Marlies;w
1;Loki;m
1;Marta;w
1;Lorenz;m
1;Mary-Jane;w
1;Loris;m
1;Mary-Joana;w
1;Lounis;m
1;Maxima;w
1;Luka;m
1;Mayleen;w
1;Lukas-Valentin;m
1;Mayra;w
1;Lukkas;m
1;Melia;w
1;Maddox;m
1;Meliha;w
1;Mads;m
1;Merjem;w
1;Magnus;m
1;Merve;w
1;Mahdi;m
1;Meryem;w
1;Mahir;m
1;Mia-Sofie;w
1;Mailow;m
1;Mieke;w
1;Maksim;m
1;Mihrimah;w
1;Maksimilian;m
1;Mika;w
1;Marco;m
1;Mila-Julie;w
1;Marian;m
1;Milena;w
1;Mariano;m
1;Milena-Mia;w
1;Marius;m
1;Minu;w
1;Marouan;m
1;Mira-Joy;w
1;Marten;m
1;Miray;w
1;Marvis;m
1;Miriam;w
1;Mason;m
1;Misa;w
1;Massimiliano;m
1;Mitkova;w
1;Mateusz;m
1;Mizgin;w
1;Mattes;m
1;Mona;w
1;Mattheo;m
1;Musawu;w
1;Matthis;m
1;Màiri;w
1;Mattis;m
1;Nadira;w
1;Mauro;m
1;Nadja;w
1;Maxime;m
1;Naelle;w
1;Maximillian;m
1;Naima;w
1;Merdan;m
1;Nawel;w
1;Mica;m
1;Nazli;w
1;Michał;m
1;Neele;w
1;Mick;m
1;Nefes;w
1;Mihai;m
1;Nejla;w
1;Mike-Kevin;m
1;Nell;w
1;Mikele;m
1;Nergiz;w
1;Mikey;m
1;Nermin;w
1;Milan-Elias;m
1;Nesrin;w
1;Milian;m
1;Nhi;w
1;Mio;m
1;Nike;w
1;Mirac;m
1;Nila;w
1;Miraç;m
1;Nilda;w
1;Mirza;m
1;Nisa;w
1;Moad;m
1;Nisa-Nur;w
1;Mohamed-Malek;m
1;Noelia;w
1;Mohammed;m
1;Novalie;w
1;Mohan;m
1;Noà;w
1;Muammer;m
1;Nur;w
1;Muhammed-Sammed;m
1;Olsa;w
1;Muhammet;m
1;oğlu;w
1;Muharrem;m
1;Page;w
1;Muneser;m
1;Palina;w
1;Musa;m
1;Pelin;w
1;Musab;m
1;Pheline;w
1;Mylo;m
1;Pippa;w
1;Nassim;m
1;Priya;w
1;Nassir;m
1;Rabia;w
1;Navid;m
1;Radmila;w
1;Nevio;m
1;Rebecca;w
1;Nic;m
1;Rebekka;w
1;Nicki;m
1;Reela;w
1;Nicklas;m
1;Rena;w
1;Nicoló;m
1;Reyyan;w
1;Nidal;m
1;Rieke;w
1;Nihad;m
1;Riyah;w
1;Nik;m
1;Romi;w
1;Nikolai;m
1;Romina;w
1;Nikolas;m
1;Rose;w
1;Nino;m
1;Roukaya;w
1;Norbert;m
1;Roya;w
1;Norik;m
1;Ruby;w
1;Nur;m
1;Rukaya;w
1;Okhan;m
1;Rukiyenaz;w
1;Olsen;m
1;Runa;w
1;Omer;m
1;Ruze;w
1;Omercan;m
1;Rüya;w
1;Otis;m
1;Sabrina;w
1;Otto;m
1;Sadet;w
1;Pashalis;m
1;Safae;w
1;Patrick;m
1;Samantha;w
1;Paul-Adam;m
1;Samara;w
1;Pepe;m
1;Santino;w
1;Petar;m
1;Sare;w
1;Peter;m
1;Selina;w
1;Philip;m
1;Selmedina;w
1;Pierre;m
1;Semanur;w
1;Quinn;m
1;Sena;w
1;Rafaat;m
1;Seraphina;w
1;Raik;m
1;Shalima;w
1;Ralf;m
1;Shelby;w
1;Ramazan;m
1;Shoana;w
1;Reha;m
1;Sieglinde;w
1;Rejan;m
1;Simay;w
1;Rene;m
1;Sinja;w
1;Rezan;m
1;Sofia-Maria;w
1;Ricardo;m
1;Sophia-Marie;w
1;Rıza;m
1;Stefanie;w
1;Robert;m
1;Sultan;w
1;Rojan;m
1;Sumea;w
1;Rojvan;m
1;Swetlana;w
1;Rolf;m
1;Tabea;w
1;Ron;m
1;Taisija;w
1;Ronald;m
1;Talla;w
1;Ruben;m
1;Thea;w
1;Rudi;m
1;Theresia;w
1;Rudolf;m
1;Thuy;w
1;Ryan;m
1;Tia;w
1;Rüzgar;m
1;Tialda;w
1;Sajjad;m
1;Tinh;w
1;Salam;m
1;Tirosch;w
1;Salim;m
1;Tiyana;w
1;Sam;m
1;Toulouse;w
1;Sam-Jack;m
1;Touré;w
1;Sami;m
1;Tülbehan;w
1;Sammy;m
1;Tüz;w
1;Santiago;m
1;Uljana;w
1;Santino;m
1;Valerie;w
1;Sayfullah;m
1;Valerija;w
1;Sean;m
1;Vanessa;w
1;Seldin;m
1;Veronika;w
1;Semin;m
1;Vida-Amela;w
1;Sergio;m
1;Viola;w
1;Sha;m
1;Vivian;w
1;Shahin;m
1;Viviana;w
1;Silas;m
1;Vivienne;w
1;Sırat;m
1;Viyan;w
1;Siraç;m
1;Vỳ;w
1;Skylar;m
1;Wilhelmina;w
1;Stanley;m
1;Yaren;w
1;Steffen;m
1;Yasemin;w
1;Stephan;m
1;Yağmur;w
1;Sören;m
1;Yelin;w
1;Süheyl;m
1;Ylvi;w
1;Tabreez;m
1;Yuna;w
1;Taha;m
1;Zakaria;w
1;Tailer;m
1;Zara-Liya;w
1;Talha;m
1;Zdzisława;w
1;Talha-Selim;m
1;Zoe-Joleen;w
1;Tamino;m
1;Zoe-Sophie;w
1;Tapakorn;m
1;Zoey;w
1;Tapiwa;m
1;Zoey-Talina;w
1;Tarek;m
1;Zofia;w
1;Tarkan;m
1;Zoé;w
1;Teym;m
1;Şeymanur;w
1;Theodor;m
1;Şirin;w
1;Theodossios;m
1;Şura;w
1;Théo;m
1;Timur;m
1;Tom-Levi;m
1;Tomasz;m
1;Torben;m
1;Umayer;m
1;Umut;m
1;Urs;m
1;Valentino;m
1;Veith;m
1;Victor;m
1;Vigo;m
1;Vincent;m
1;Vincenzo;m
1;Walter;m
1;Wang;m
1;Wiktor;m
1;Wilke;m
1;William;m
1;Xaver;m
1;Yakup;m
1;Yano;m
1;Yasin;m
1;Yassir;m
1;Yavuz;m
1;Yağız;m
1;Youssef-Khalil;m
1;Yunus-Emre;m
1;Zain;m
1;Zakaria;m
1;Zan;m
1;Zineddine;m
1;Zübeyr;m
1;Étienne;m
1;Şeran;m
1;Şeyhmus;m
